,ID,Nombre,Apellido,Género
0,6810980,Ricardo,Soto,Hombre
1,6810979,Broderick,Crawford,Hombre
2,646013,GONZALO ALBERTO,FARIAS-CASTRO,Hombre
3,7027516,G.,Lefranc,Hombre
4,135023,Roberto,Munoz,Hombre
5,5147517,Victor,Leiva,Hombre
6,5138833,Cristian E.,Rusu,Hombre
7,169569,Rodolfo,Villarroel,Hombre
8,884869,Orlando,Duran,Hombre
9,5951861,Guillermo,Cabrera-Guerrero,Hombre
10,2635622,CLAUDIO ALONSO,CUBILLOS-FIGUEROA,Hombre
11,1426874,HECTOR IGNACIO,CASTELLUCCI-IRAZOQUI,Hombre
12,5782861,Francisco,Pizarro,Hombre
13,454657,MAURICIO ALEJANDRO,RODRIGUEZ-GUZMAN,Hombre
14,1476788,Stefan,Voss,Hombre
15,865504,ARIEL,LEIVA-LOPEZ,Hombre
16,1963454,GABRIEL,HERMOSILLA-VIGNEAU,Hombre
17,6823657,Rodrigo F.,Herrera,Hombre
18,135022,Fabian,Riquelme,Hombre
19,561252,Carla,Taramasco,Mujer
20,1921758,DANIEL ANDRES,CABRERA-PANIAGUA,Hombre
21,162954,Jordi,Pereira,Hombre
22,731892,"E., JR.",CABRERA,Hombre
23,122598,Franklin,Johnson,Hombre
24,1231041,RODRIGO ANDRES,OLIVARES-ORDENES,Hombre
25,1478534,Werner,Jara,Hombre
26,2348295,SEBASTIAN CARLOS,FINGERHUTH-MASSMANN,Hombre
27,321618,Felipe,Munoz-La Rivera,Hombre
28,1347211,HECTOR,VARGAS-OYARZUN,Hombre
29,6745910,Héctor,Allende-Cid,Hombre
30,720209,Ignacio,Muga,Hombre
31,1160414,Pablo A.,Miranda,Hombre
32,2339019,MIGUEL ENRIQUE,LOPEZ-GONZALEZ,Hombre
33,94634,Rosa Guadalupe G.,Gonzalez Ramirez,Mujer
34,243524,Juan Carlos,Vielma Perez,Hombre
35,1348419,Hanns,de la Fuente Mella,Hombre
36,1423408,DANIELA CONSTANZA,QUINONES-OTEY,Mujer
37,3977404,Jorge Andrés Muñoz,Mendoza,Hombre
38,6533397,Claudia,Del P Lagos,Mujer
39,1177003,Rene,Noel,Hombre
40,2415769,MARCOS ALBERTO,VALDEBENITO-CASTILLO,Hombre
41,245525,Enrique,Urra,Hombre
42,527271,Fernando,Rojas,Hombre
43,1156648,Esteban,Vera,Hombre
44,2626552,CARLOS,VIVIANI-GONZALEZ,Hombre
45,3323131,Gabriel,Gutierrez-Jarpa,Hombre
46,4763436,Sandra,Cano,Mujer
47,4980386,Edison,Atencio,Hombre
48,727534,Daniel,Yunge,Hombre
49,3541709,ALEJANDRA LILIANA,BEGHELLI-ZAPATA,Mujer
50,5069468,Rodrigo,Salas,Hombre
51,46586,Enrique,Canessa,Hombre
52,192652,Jose Miguel,Rubio,Hombre
53,1138737,Guillermo,Castro,Hombre
54,1650104,RODRIGO JAVIER,CARVAJAL-GUERRA,Hombre
55,2527599,E.,Gonzalez-Olivares,Hombre
56,4060297,José A.,González,Hombre
57,6065925,Jose,Garcia,Hombre
58,6822279,Carlos,Reusser,Hombre
59,112464,Ignacio,Araya,Hombre
60,112564,Javier A.,Riedemann,Hombre
61,813793,Wael,El-Deredy,Hombre
62,1055359,Jorge,Saavedra Torrico,Hombre
63,1327330,German,Paredes-Belmar,Hombre
64,1332785,Virginica,Rusu,Mujer
65,2316640,Salvatore,Cannella,Hombre
66,2849287,Alejandro,Weinstein,Hombre
67,3530634,Hector,Pena,Hombre
68,3636359,Milan,Stehlik,Hombre
69,4690027,Diego,Miranda,Hombre
70,5494333,S.,Rojas,Hombre
71,5668550,Franco,Basso,Hombre
72,6535184,Jean-Gabriel,Minonzio,Hombre
73,65746,Carlos,Valle,Hombre
74,110634,Hector,Cornide-Reyes,Hombre
75,176596,Armando,Guarnaschelli,Hombre
76,193063,ISMAEL JOSE,FIGUEROA-PALET,Hombre
77,214147,Katherine,Valencia,Mujer
78,447465,M. J.,Torres,Mujer
79,572470,Tomas,Rodenas,Hombre
80,819343,Danilo,Borquez-Paredes,Hombre
81,961739,ALEJANDRO MAXIILIANO,ROJAS-PALMA,Hombre
82,1168634,Pablo,Perez-Lantero,Hombre
83,1207134,ROSEMARIE,MELLADO-SUAZO,Mujer
84,1332741,SILVANA PAOLA,RONCAGLIOLO-DE LA HORRA,Mujer
85,1813175,M.,Aizpun,Hombre
86,1970687,JULIO ANDRES,SOTELO-PARRAGUEZ,Hombre
87,2106341,Sebastian,Seriani,Hombre
88,2725300,Lorena,Bearzotti,Mujer
89,3023855,ADOLFO,ARATA-ANDREANI,Hombre
90,3514756,PAULA ANDREA,ROJAS-SAPERAS,Mujer
91,3516946,ALEJANDRO ANDRES,VELOZ-BAEZA,Hombre
92,3680014,Edgar Giovanny,Diaz-Segura,Hombre
93,3835181,Cristian L,Vidal,Hombre
94,3963349,Rolando,Rubilar,Hombre
95,4724323,Stefan,Voβ,Hombre
96,4836654,Alvaro F.,Lopez,Hombre
97,5026444,Carlos,Madariaga,Hombre
98,5163220,Catalina N.,Astudillo,Mujer
99,5788014,Gino,Astorga,Hombre
100,6435885,Juan Zamora,Osorio,Hombre
101,6549737,Felipe,Ignacio Calderon,Hombre
102,6657879,Angel,Rodríguez,Hombre
103,6720151,Cecilia,Montt,Mujer
104,46872,Jose,Lemus-Romani,Hombre
105,113864,Yunesky,Masip Macia,Hombre
106,163591,Mauricio,Huerta,Hombre
107,166186,Mario A.,Bruno,Hombre
108,214146,Erick,Jamet,Hombre
109,354284,Joaquin,Mura,Hombre
110,421846,Claudio,Elortegui,Hombre
111,501935,Enrique M.,Cortes-Toro,Hombre
112,507381,PEDRO ANTONIO,ESCARATE-MONETTA,Hombre
113,569072,Claudio,Araya-Sassi,Hombre
114,672646,Juan F.,Vivanco,Hombre
115,700649,Francisco,Vera,Hombre
116,719835,Erick,Merino,Hombre
117,827792,Carlos,Becerra,Hombre
118,884910,Gustavo,Schleyer,Hombre
119,894349,Jose Luis,Verdugo,Hombre
120,911958,E.,Peralta,Hombre
121,953163,H.,Pinto,Hombre
122,1226945,MONICA ALEJANDRA,LOPEZ-CAMPOS,Mujer
123,1248165,Manuel A.,Bravo,Hombre
124,1327809,S.,Ossandon,Hombre
125,1365153,WALDO EMERSON,QUIROZ-VENEGAS,Hombre
126,1560792,Jorge,Mendoza-Baeza,Hombre
127,1822727,Pablo,Cabrera-Guerrero,Hombre
128,2001099,NATALIA ANGELINA,BERRIOS-PENA,Mujer
129,2108220,GONZALO ANTONIO,RIVEROS-PATRONI,Hombre
130,2358015,CARLA GIOVANNA,RIMASSA-VASQUEZ,Mujer
131,3170824,BEATRIZ XIMENA,CANCINO-MADARIAGA,Mujer
132,3269695,Carlos,Carlesi-Jara,Hombre
133,3323278,Jaime,Mena-Lorca,Hombre
134,3336312,RODRIGO,RIVERA-CAMPOS,Hombre
135,3465378,Franco,Guidi-Polanco,Hombre
136,3536487,JOSE ARTURO,CERONI-DIAZ,Hombre
137,3834659,Cristian M.,Carvajal,Hombre
138,3853237,Kenny L.,Alvarez C,Hombre
139,3853238,Rodrigo F.,Lagos C,Hombre
140,3982265,Silvia J.,Sarzoza,Mujer
141,4685702,Roberto,Mac Lean,Hombre
142,4696722,Pablo,Stuardo,Hombre
143,4716414,Camilo,Guerrero-Nancuante,Hombre
144,4745289,Marisol,Belmonte,Mujer
145,4942852,Rafael,Guerra-Silva,Hombre
146,4959889,Miguel A.,Gomez,Hombre
147,5078072,Jose Luis,Valin Rivera,Hombre
148,5217775,José,Gaete,Hombre
149,5217777,Ismael,Figueroa,Hombre
150,5217779,Roberto,Muñoz,Hombre
151,5306909,Nicolás,Matus,Hombre
152,5349682,Gonzalo,Mejia,Hombre
153,5525402,Nelson,Castro,Hombre
154,5567230,Felipe Muñoz,La Rivera,Hombre
155,5578828,Miguel A.,Rodríguez,Hombre
156,5580390,Jonathan,Vasquez Verdugo,Hombre
157,5621295,Alexander Rodriguez,Soto,Hombre
158,5634447,Jonathan,Ugalde,Hombre
159,5656692,Sara,Cuéllar,Mujer
160,5693616,A.,Rodrigues-Lopez,Mujer
161,5695579,Guillermo,Bustos,Hombre
162,5696373,Alberto,Marroquín,Hombre
163,5753713,Andrés F.,Ochoa-Muñoz,Hombre
164,5753715,Cristian E.,García-Bermúdez,Hombre
165,5754918,Danilo,Riquelme,Hombre
166,5764307,Diego,Monsalves,Hombre
167,5894476,Domingo,Ruiz-Caballero,Hombre
168,5952403,Karla,Schroder,Mujer
169,5952405,Roberto,Chacon,Hombre
170,5958860,Ramon,Herrera Hernandez,Hombre
171,6240954,Cristian,Vidal-Silva,Hombre
172,6599499,Gonzalo,García-Ros,Hombre
173,6806455,Felipe C. Muñoz-La,Rivera,Hombre
174,6810978,Marcelo,Becerra-Rozas,Hombre
175,6843081,Marvin,Querales,Hombre
